"jlpt_level","word","reading","meanings","action_type","suggested_setting"
"N5","あびる","","to bathe; to shower","visible movement","home / inn"
"N5","ある","","to be; to have (used for inanimate objects)","object / interface action","general dialogue / flexible setting"
"N5","かかる","","to take time or money","visible movement","general dialogue / flexible setting"
"N5","かける","","to call by phone","social / dialogue action","general dialogue / flexible setting"
"N5","コピーする","","to copy","object / interface action","office / workplace"
"N5","する","","to do","state / thought / contextual verb","general dialogue / flexible setting"
"N5","つける","","to turn on","visible movement","general dialogue / flexible setting"
"N5","できる","","to be able to","state / thought / contextual verb","general dialogue / flexible setting"
"N5","なる","","to become","state / thought / contextual verb","general dialogue / flexible setting"
"N5","はく","","to wear; to put on trousers","visible movement","general dialogue / flexible setting"
"N5","やる","","to do","state / thought / contextual verb","general dialogue / flexible setting"
"N5","違う","ちがう","to differ","state / thought / contextual verb","general dialogue / flexible setting"
"N5","引く","ひく","to pull","visible movement","general dialogue / flexible setting"
"N5","飲む","のむ","to drink","visible movement","restaurant / kitchen"
"N5","泳ぐ","およぐ","to swim","visible movement","street / park / outdoors"
"N5","押す","おす","to push; to stamp something","visible movement","general dialogue / flexible setting"
"N5","歌う","うたう","to sing","visible movement","general dialogue / flexible setting"
"N5","会う","あう","to meet","social / dialogue action","general dialogue / flexible setting"
"N5","開く","あく","to open; to become open","visible movement","home / inn"
"N5","開ける","あける","to open","visible movement","home / inn"
"N5","覚える","おぼえる","to remember","state / thought / contextual verb","general dialogue / flexible setting"
"N5","帰る","かえる","to go back","state / thought / contextual verb","general dialogue / flexible setting"
"N5","起きる","おきる","to get up","state / thought / contextual verb","general dialogue / flexible setting"
"N5","休む","やすむ","to rest","state / thought / contextual verb","general dialogue / flexible setting"
"N5","吸う","すう","to smoke; to suck","state / thought / contextual verb","general dialogue / flexible setting"
"N5","居る","いる","to be; to have (used for people and animals)","object / interface action","general dialogue / flexible setting"
"N5","教える","おしえる","to teach; to tell","state / thought / contextual verb","school / library"
"N5","曲る","まがる","to turn; to bend","visible movement","general dialogue / flexible setting"
"N5","勤める","つとめる","to work for someone","state / thought / contextual verb","office / workplace"
"N5","見せる","みせる","to show","social / dialogue action","general dialogue / flexible setting"
"N5","見る 観る","みる","to see; to watch","visible movement","general dialogue / flexible setting"
"N5","言う","いう","to say","social / dialogue action","general dialogue / flexible setting"
"N5","呼ぶ","よぶ","to call out; to invite","social / dialogue action","social encounter"
"N5","行く","いく","to go","state / thought / contextual verb","general dialogue / flexible setting"
"N5","降りる","おりる","to get off; to descend","state / thought / contextual verb","general dialogue / flexible setting"
"N5","降る","ふる","to fall; e.g. rain or snow","visible movement","general dialogue / flexible setting"
"N5","困る","こまる","to be worried","state / thought / contextual verb","general dialogue / flexible setting"
"N5","差す","さす","to stretch out hands; to raise an umbrella","visible movement","general dialogue / flexible setting"
"N5","座る","すわる","to sit","visible movement","general dialogue / flexible setting"
"N5","咲く","さく","to bloom","state / thought / contextual verb","general dialogue / flexible setting"
"N5","作る","つくる","to make","state / thought / contextual verb","general dialogue / flexible setting"
"N5","撮る","とる","to take a photo or record a film","visible movement","general dialogue / flexible setting"
"N5","散歩","さんぽする","to stroll","state / thought / contextual verb","general dialogue / flexible setting"
"N5","使う","つかう","to use","object / interface action","general dialogue / flexible setting"
"N5","始まる","はじまる","to begin","state / thought / contextual verb","general dialogue / flexible setting"
"N5","止まる","とまる","to come to a halt","state / thought / contextual verb","general dialogue / flexible setting"
"N5","死ぬ","しぬ","to die","state / thought / contextual verb","general dialogue / flexible setting"
"N5","持つ","もつ","to hold","visible movement","general dialogue / flexible setting"
"N5","借りる","かりる","to borrow","object / interface action","school / library"
"N5","取る","とる","to take something","visible movement","general dialogue / flexible setting"
"N5","終る","おわる","to finish","state / thought / contextual verb","general dialogue / flexible setting"
"N5","習う","ならう","to learn","state / thought / contextual verb","school / library"
"N5","住む","すむ","to live in","state / thought / contextual verb","general dialogue / flexible setting"
"N5","出かける","でかける","to go out","state / thought / contextual verb","general dialogue / flexible setting"
"N5","出す","だす","to put out","visible movement","general dialogue / flexible setting"
"N5","出る","でる","to appear; to leave","visible movement","general dialogue / flexible setting"
"N5","書く","かく","to write","visible movement","school / library"
"N5","消える","きえる","to disappear","state / thought / contextual verb","general dialogue / flexible setting"
"N5","消す","けす","to erase; to turn off power","visible movement","general dialogue / flexible setting"
"N5","上げる","あげる","to give","social / dialogue action","general dialogue / flexible setting"
"N5","乗る","のる","to get on; to ride","visible movement","station / street / travel"
"N5","食べる","たべる","to eat","visible movement","restaurant / kitchen"
"N5","寝る","ねる","to go to bed; to sleep","visible movement","home / inn"
"N5","吹く","ふく","to blow","state / thought / contextual verb","general dialogue / flexible setting"
"N5","晴れる","はれる","to be sunny","state / thought / contextual verb","general dialogue / flexible setting"
"N5","生まれる","うまれる","to be born","state / thought / contextual verb","general dialogue / flexible setting"
"N5","切る","きる","to cut","visible movement","restaurant / kitchen"
"N5","洗う","あらう","to wash","visible movement","home / inn"
"N5","掃除","そうじする","to clean; to sweep","visible movement","home / inn"
"N5","走る","はしる","to run","visible movement","street / park / outdoors"
"N5","待つ","まつ","to wait","state / thought / contextual verb","general dialogue / flexible setting"
"N5","貸す","かす","to lend","state / thought / contextual verb","general dialogue / flexible setting"
"N5","大好き","だいすき","to be very likeable","state / thought / contextual verb","general dialogue / flexible setting"
"N5","脱ぐ","ぬぐ","to take off clothes","visible movement","general dialogue / flexible setting"
"N5","弾く","ひく","to play an instrument with strings; including piano","state / thought / contextual verb","general dialogue / flexible setting"
"N5","知る","しる","to know","state / thought / contextual verb","general dialogue / flexible setting"
"N5","置く","おく","to put","visible movement","general dialogue / flexible setting"
"N5","着く","つく","to arrive at","state / thought / contextual verb","station / street / travel"
"N5","着る","きる","to put on from the shoulders down","visible movement","general dialogue / flexible setting"
"N5","締める","しめる","to tie","state / thought / contextual verb","general dialogue / flexible setting"
"N5","貼る","はる","to stick","state / thought / contextual verb","general dialogue / flexible setting"
"N5","渡す","わたす","to hand over","state / thought / contextual verb","general dialogue / flexible setting"
"N5","渡る","わたる","to go across","visible movement","station / street / travel"
"N5","登る","のぼる","to climb","visible movement","street / park / outdoors"
"N5","答える","こたえる","to answer","social / dialogue action","school / library"
"N5","働く","はたらく","to work","state / thought / contextual verb","office / workplace"
"N5","読む","よむ","to read","visible movement","school / library"
"N5","曇る","くもる","to become cloudy; to become dim","state / thought / contextual verb","general dialogue / flexible setting"
"N5","入る","はいる","to enter; to contain","visible movement","general dialogue / flexible setting"
"N5","入れる","いれる","to put in","visible movement","general dialogue / flexible setting"
"N5","買う","かう","to buy","object / interface action","shop / market"
"N5","売る","うる","to sell","object / interface action","shop / market"
"N5","疲れる","つかれる","to get tired","state / thought / contextual verb","general dialogue / flexible setting"
"N5","飛ぶ","とぶ","to fly; to hop","state / thought / contextual verb","general dialogue / flexible setting"
"N5","分かる","わかる","to be understood","state / thought / contextual verb","general dialogue / flexible setting"
"N5","聞く","きく","to hear; to listen to; to ask","visible movement","general dialogue / flexible setting"
"N5","並ぶ","ならぶ","to line up; to stand in a line","visible movement","general dialogue / flexible setting"
"N5","並べる","ならべる","to line up; to set up","state / thought / contextual verb","general dialogue / flexible setting"
"N5","閉まる","しまる","to close; to be closed","visible movement","home / inn"
"N5","閉める","しめる","to close something","visible movement","home / inn"
"N5","返す","かえす","to return something","visible movement","school / library"
"N5","勉強","べんきょうする","to study","state / thought / contextual verb","school / library"
"N5","歩く","あるく","to walk","visible movement","street / park / outdoors"
"N5","忘れる","わすれる","to forget","state / thought / contextual verb","general dialogue / flexible setting"
"N5","磨く","みがく","to brush teeth; to polish","state / thought / contextual verb","general dialogue / flexible setting"
"N5","無くす","なくす","to lose something","state / thought / contextual verb","general dialogue / flexible setting"
"N5","遊ぶ","あそぶ","to play; to make a visit","visible movement","general dialogue / flexible setting"
"N5","要る","いる","to need","state / thought / contextual verb","general dialogue / flexible setting"
"N5","来る","くる","to come","state / thought / contextual verb","general dialogue / flexible setting"
"N5","頼む","たのむ","to ask","social / dialogue action","general dialogue / flexible setting"
"N5","立つ","たつ","to stand","visible movement","general dialogue / flexible setting"
"N5","練習","れんしゅうする","to practice","state / thought / contextual verb","school / library"
"N5","話す","はなす","to speak","social / dialogue action","social encounter"
"N4","あいさつする","","to greet","social / dialogue action","social encounter"
"N4","あげる","","to give","social / dialogue action","general dialogue / flexible setting"
"N4","いじめる","","to tease","state / thought / contextual verb","general dialogue / flexible setting"
"N4","いらっしゃる","","(respectful) to be; to come or to go","state / thought / contextual verb","general dialogue / flexible setting"
"N4","うかがう","","to visit","visible movement","general dialogue / flexible setting"
"N4","かまう","","to mind","state / thought / contextual verb","general dialogue / flexible setting"
"N4","くれる","","to give","social / dialogue action","general dialogue / flexible setting"
"N4","けがする","","to injure","state / thought / contextual verb","clinic / emergency"
"N4","けんかする","","to quarrel","state / thought / contextual verb","general dialogue / flexible setting"
"N4","すく","","to become empty","object / interface action","general dialogue / flexible setting"
"N4","それほど","","to that extent","state / thought / contextual verb","general dialogue / flexible setting"
"N4","チェックする","","to check","object / interface action","general dialogue / flexible setting"
"N4","ぬれる","","to get wet","state / thought / contextual verb","general dialogue / flexible setting"
"N4","びっくりする","","to be surprised","state / thought / contextual verb","general dialogue / flexible setting"
"N4","ほめる","","to praise","social / dialogue action","social encounter"
"N4","もらう","","to receive","social / dialogue action","general dialogue / flexible setting"
"N4","案内","あんないする","to guide","social / dialogue action","general dialogue / flexible setting"
"N4","移る","うつる","to move house or transfer","visible movement","general dialogue / flexible setting"
"N4","育てる","そだてる","to rear; to bring up","state / thought / contextual verb","general dialogue / flexible setting"
"N4","引き出す","ひきだす","to withdraw","state / thought / contextual verb","general dialogue / flexible setting"
"N4","引っ越す","ひっこす","to move house","visible movement","general dialogue / flexible setting"
"N4","運ぶ","はこぶ","to transport","state / thought / contextual verb","general dialogue / flexible setting"
"N4","運転","うんてんする","to drive","visible movement","station / street / travel"
"N4","運動","うんどうする","to exercise","state / thought / contextual verb","general dialogue / flexible setting"
"N4","遠慮","えんりょする","to be reserved; to be restrained","object / interface action","station / street / travel"
"N4","汚れる","よごれる","to get dirty","state / thought / contextual verb","general dialogue / flexible setting"
"N4","下げる","さげる","to hang; to lower; to move back","visible movement","general dialogue / flexible setting"
"N4","下りる","おりる","to get off","state / thought / contextual verb","general dialogue / flexible setting"
"N4","下る","さがる","to get down; to descend","state / thought / contextual verb","general dialogue / flexible setting"
"N4","過ぎる","すぎる","to exceed","state / thought / contextual verb","general dialogue / flexible setting"
"N4","回る","まわる","to go around","state / thought / contextual verb","general dialogue / flexible setting"
"N4","壊す","こわす","to break","visible movement","general dialogue / flexible setting"
"N4","壊れる","こわれる","to be broken","state / thought / contextual verb","general dialogue / flexible setting"
"N4","開く","ひらく","to open an event","visible movement","home / inn"
"N4","楽む","たのしむ","to enjoy oneself","state / thought / contextual verb","general dialogue / flexible setting"
"N4","掛ける","かける","to hang something","state / thought / contextual verb","general dialogue / flexible setting"
"N4","割れる","われる","to break","visible movement","general dialogue / flexible setting"
"N4","滑る","すべる","to slide; to slip","state / thought / contextual verb","general dialogue / flexible setting"
"N4","噛む","かむ","to bite; to chew","state / thought / contextual verb","general dialogue / flexible setting"
"N4","乾く","かわく","to get dry","state / thought / contextual verb","general dialogue / flexible setting"
"N4","慣れる","なれる","to grow accustomed to","state / thought / contextual verb","general dialogue / flexible setting"
"N4","間に合う","まにあう","to be in time for","state / thought / contextual verb","general dialogue / flexible setting"
"N4","間違える","まちがえる","to make a mistake","visible movement","general dialogue / flexible setting"
"N4","喜ぶ","よろこぶ","to be delighted","state / thought / contextual verb","general dialogue / flexible setting"
"N4","寄る","よる","to visit","visible movement","general dialogue / flexible setting"
"N4","祈る","いのる","to pray","state / thought / contextual verb","general dialogue / flexible setting"
"N4","起す","おこす","to wake","visible movement","home / inn"
"N4","急ぐ","いそぐ","to hurry","state / thought / contextual verb","general dialogue / flexible setting"
"N4","泣く","なく","to weep","state / thought / contextual verb","general dialogue / flexible setting"
"N4","驚く","おどろく","to be surprised","state / thought / contextual verb","general dialogue / flexible setting"
"N4","空く","あく","to open; to become empty","visible movement","home / inn"
"N4","経験","けいけんする","to experience","state / thought / contextual verb","general dialogue / flexible setting"
"N4","計画","けいかくする","to plan","state / thought / contextual verb","general dialogue / flexible setting"
"N4","迎える","むかえる","to go out to meet","social / dialogue action","general dialogue / flexible setting"
"N4","決める","きめる","to decide","state / thought / contextual verb","general dialogue / flexible setting"
"N4","決る","きまる","to be decided","state / thought / contextual verb","general dialogue / flexible setting"
"N4","建てる","たてる","to build","visible movement","general dialogue / flexible setting"
"N4","見える","みえる","to be in sight","state / thought / contextual verb","general dialogue / flexible setting"
"N4","見つかる","みつかる","to be discovered","state / thought / contextual verb","general dialogue / flexible setting"
"N4","見つける","みつける","to discover","state / thought / contextual verb","general dialogue / flexible setting"
"N4","故障","こしょうする","to break-down","visible movement","general dialogue / flexible setting"
"N4","光る","ひかる","to shine; to glitter","state / thought / contextual verb","general dialogue / flexible setting"
"N4","向かう","むかう","to face","state / thought / contextual verb","general dialogue / flexible setting"
"N4","考える","かんがえる","to consider","state / thought / contextual verb","general dialogue / flexible setting"
"N4","行う","おこなう","to do","state / thought / contextual verb","general dialogue / flexible setting"
"N4","降り出す","ふりだす","to start to rain","state / thought / contextual verb","general dialogue / flexible setting"
"N4","合う","あう","to match","state / thought / contextual verb","general dialogue / flexible setting"
"N4","込む","こむ","to be crowded","state / thought / contextual verb","general dialogue / flexible setting"
"N4","済む","すむ","to finish","state / thought / contextual verb","general dialogue / flexible setting"
"N4","参る","まいる","(humble) to go; to come","state / thought / contextual verb","general dialogue / flexible setting"
"N4","残る","のこる","to remain","state / thought / contextual verb","general dialogue / flexible setting"
"N4","始める","はじめる","to begin","state / thought / contextual verb","general dialogue / flexible setting"
"N4","思い出す","おもいだす","to remember","state / thought / contextual verb","general dialogue / flexible setting"
"N4","思う","おもう","to think; to feel","state / thought / contextual verb","general dialogue / flexible setting"
"N4","支度","したくする","to prepare","object / interface action","general dialogue / flexible setting"
"N4","止む","やむ","to stop","visible movement","general dialogue / flexible setting"
"N4","止める","とめる","to stop something","visible movement","general dialogue / flexible setting"
"N4","似る","にる","to be similar","state / thought / contextual verb","general dialogue / flexible setting"
"N4","治る","なおる","to be cured; to heal","state / thought / contextual verb","clinic / emergency"
"N4","写す","うつす","to copy or photograph","object / interface action","office / workplace"
"N4","捨てる","すてる","to throw away","visible movement","general dialogue / flexible setting"
"N4","謝る","あやまる","to apologize","social / dialogue action","social encounter"
"N4","取り替える","とりかえる","to exchange","object / interface action","shop / market"
"N4","手伝う","てつだう","to assist","state / thought / contextual verb","general dialogue / flexible setting"
"N4","受ける","うける","to take a lesson or test","visible movement","general dialogue / flexible setting"
"N4","拾う","ひろう","to pick up; to gather","visible movement","general dialogue / flexible setting"
"N4","集める","あつめる","to collect something","state / thought / contextual verb","general dialogue / flexible setting"
"N4","集る","あつまる","to gather","state / thought / contextual verb","general dialogue / flexible setting"
"N4","出席","しゅっせきする","to attend","state / thought / contextual verb","general dialogue / flexible setting"
"N4","出発","しゅっぱつする","to depart","state / thought / contextual verb","station / street / travel"
"N4","準備","じゅんびする","to prepare","object / interface action","general dialogue / flexible setting"
"N4","勝つ","かつ","to win","state / thought / contextual verb","general dialogue / flexible setting"
"N4","承知","しょうちする","to consent","state / thought / contextual verb","general dialogue / flexible setting"
"N4","招待","しょうたいする","to invite","social / dialogue action","social encounter"
"N4","焼く","やく","to bake; to grill","state / thought / contextual verb","general dialogue / flexible setting"
"N4","焼ける","やける","to burn; to be roasted","state / thought / contextual verb","general dialogue / flexible setting"
"N4","笑う","わらう","to laugh; to smile","visible movement","general dialogue / flexible setting"
"N4","上る","あがる","to rise","state / thought / contextual verb","general dialogue / flexible setting"
"N4","乗り換える","のりかえる","to change between buses or trains","object / interface action","station / street / travel"
"N4","飾る","かざる","to decorate","state / thought / contextual verb","general dialogue / flexible setting"
"N4","植える","うえる","to plant; to grow","visible movement","street / park / outdoors"
"N4","触る","さわる","to touch","visible movement","general dialogue / flexible setting"
"N4","食事","しょくじする","to have a meal","state / thought / contextual verb","general dialogue / flexible setting"
"N4","心配","しんぱいする","to worry","state / thought / contextual verb","general dialogue / flexible setting"
"N4","申し上げる","もうしあげる","(humble) to say; to tell","social / dialogue action","general dialogue / flexible setting"
"N4","申す","もうす","(humble) to be called; to say","social / dialogue action","general dialogue / flexible setting"
"N4","進む","すすむ","to make progress","state / thought / contextual verb","general dialogue / flexible setting"
"N4","尋ねる","たずねる","to ask","social / dialogue action","general dialogue / flexible setting"
"N4","世話","せわする","to look after","visible movement","general dialogue / flexible setting"
"N4","生きる","いきる","to live","state / thought / contextual verb","general dialogue / flexible setting"
"N4","生活","せいかつする","to live","state / thought / contextual verb","general dialogue / flexible setting"
"N4","生産","せいさんする","to produce","state / thought / contextual verb","general dialogue / flexible setting"
"N4","折る","おる","to break or to fold","visible movement","general dialogue / flexible setting"
"N4","折れる","おれる","to break or be folded","visible movement","general dialogue / flexible setting"
"N4","選ぶ","えらぶ","to choose","object / interface action","shop / market"
"N4","痩せる","やせる","to become thin","state / thought / contextual verb","general dialogue / flexible setting"
"N4","相談","そうだんする","to discuss","state / thought / contextual verb","general dialogue / flexible setting"
"N4","送る","おくる","to send","object / interface action","general dialogue / flexible setting"
"N4","騒ぐ","さわぐ","to make noise; to be excited","state / thought / contextual verb","general dialogue / flexible setting"
"N4","増える","ふえる","to increase","state / thought / contextual verb","general dialogue / flexible setting"
"N4","足す","たす","to add a number","state / thought / contextual verb","general dialogue / flexible setting"
"N4","足りる","たりる","to be enough","state / thought / contextual verb","general dialogue / flexible setting"
"N4","続く","つづく","to be continued","state / thought / contextual verb","general dialogue / flexible setting"
"N4","続ける","つづける","to continue","state / thought / contextual verb","general dialogue / flexible setting"
"N4","太る","ふとる","to become fat","state / thought / contextual verb","general dialogue / flexible setting"
"N4","打つ","うつ","to hit","visible movement","general dialogue / flexible setting"
"N4","退院","たいいんする","to leave hospital","visible movement","general dialogue / flexible setting"
"N4","探す","さがす","to look for","visible movement","general dialogue / flexible setting"
"N4","知らせる","しらせる","to notify","state / thought / contextual verb","general dialogue / flexible setting"
"N4","遅れる","おくれる","to be late","state / thought / contextual verb","general dialogue / flexible setting"
"N4","調べる","しらべる","to investigate","state / thought / contextual verb","general dialogue / flexible setting"
"N4","直す","なおす","to fix; to repair","object / interface action","general dialogue / flexible setting"
"N4","直る","なおる","to be fixed; to be repaired","object / interface action","general dialogue / flexible setting"
"N4","通う","かよう","to commute","state / thought / contextual verb","general dialogue / flexible setting"
"N4","通る","とおる","to go through","state / thought / contextual verb","general dialogue / flexible setting"
"N4","漬ける","つける","to soak; to pickle","visible movement","general dialogue / flexible setting"
"N4","釣る","つる","to fish","state / thought / contextual verb","general dialogue / flexible setting"
"N4","伝える","つたえる","to report","social / dialogue action","office / workplace"
"N4","塗る","ぬる","to paint; to plaster","state / thought / contextual verb","general dialogue / flexible setting"
"N4","怒る","おこる","to get angry; to be angry","state / thought / contextual verb","general dialogue / flexible setting"
"N4","倒れる","たおれる","to break down","visible movement","general dialogue / flexible setting"
"N4","投げる","なげる","to throw or cast away","visible movement","general dialogue / flexible setting"
"N4","盗む","ぬすむ","to steal","state / thought / contextual verb","general dialogue / flexible setting"
"N4","踏む","ふむ","to step on","state / thought / contextual verb","general dialogue / flexible setting"
"N4","逃げる","にげる","to escape","visible movement","clinic / emergency"
"N4","動く","うごく","to move","visible movement","general dialogue / flexible setting"
"N4","届ける","とどける","to reach","state / thought / contextual verb","general dialogue / flexible setting"
"N4","入院","にゅういんする","to hospitalise","state / thought / contextual verb","general dialogue / flexible setting"
"N4","入学","にゅうがくする","to enter school or university","visible movement","general dialogue / flexible setting"
"N4","泊まる","とまる","to lodge at","state / thought / contextual verb","general dialogue / flexible setting"
"N4","比べる","くらべる","to compare","state / thought / contextual verb","general dialogue / flexible setting"
"N4","付く","つく","to be attached","object / interface action","general dialogue / flexible setting"
"N4","負ける","まける","to lose","state / thought / contextual verb","general dialogue / flexible setting"
"N4","払う","はらう","to pay","object / interface action","shop / market"
"N4","沸かす","わかす","to boil; to heat","visible movement","restaurant / kitchen"
"N4","沸く","わく","to boil; to grow hot; to get excited","state / thought / contextual verb","general dialogue / flexible setting"
"N4","聞こえる","きこえる","to be heard","state / thought / contextual verb","general dialogue / flexible setting"
"N4","別れる","わかれる","to separate","state / thought / contextual verb","general dialogue / flexible setting"
"N4","変える","かえる","to change","state / thought / contextual verb","general dialogue / flexible setting"
"N4","変わる","かわる","to change","state / thought / contextual verb","general dialogue / flexible setting"
"N4","片付ける","かたづける","to tidy up","state / thought / contextual verb","general dialogue / flexible setting"
"N4","捕まえる","つかまえる","to seize","state / thought / contextual verb","general dialogue / flexible setting"
"N4","暮れる","くれる","to get dark; to come to an end","state / thought / contextual verb","general dialogue / flexible setting"
"N4","包む","つつむ","to wrap","object / interface action","general dialogue / flexible setting"
"N4","放送","ほうそうする","to broadcast","state / thought / contextual verb","general dialogue / flexible setting"
"N4","訪ねる","たずねる","to visit","visible movement","general dialogue / flexible setting"
"N4","亡くなる","なくなる","to die","state / thought / contextual verb","general dialogue / flexible setting"
"N4","眠る","ねむる","to sleep","visible movement","home / inn"
"N4","無くなる","なくなる","to disappear; to get lost","state / thought / contextual verb","general dialogue / flexible setting"
"N4","鳴る","なる","to sound","state / thought / contextual verb","general dialogue / flexible setting"
"N4","戻る","もどる","to turn back","visible movement","general dialogue / flexible setting"
"N4","役に立つ","やくにたつ","to be helpful","social / dialogue action","general dialogue / flexible setting"
"N4","輸出","ゆしゅつする","to export","state / thought / contextual verb","general dialogue / flexible setting"
"N4","輸入","ゆにゅうする","to import","state / thought / contextual verb","general dialogue / flexible setting"
"N4","揺れる","ゆれる","to shake; to sway","visible movement","general dialogue / flexible setting"
"N4","踊る","おどる","to dance","visible movement","general dialogue / flexible setting"
"N4","落す","おとす","to drop","visible movement","general dialogue / flexible setting"
"N4","落る","おちる","to fall or drop","visible movement","general dialogue / flexible setting"
"N4","立てる","たてる","to stand something up","visible movement","general dialogue / flexible setting"
"N4","冷える","ひえる","to grow cold","state / thought / contextual verb","general dialogue / flexible setting"
"N4","連れる","つれる","to lead","state / thought / contextual verb","general dialogue / flexible setting"
"N3","あんなに","","to that extent; to that degree","state / thought / contextual verb","general dialogue / flexible setting"
"N3","うなる","","to groan; to moan","state / thought / contextual verb","general dialogue / flexible setting"
"N3","しまう","（終わる）","to finish; to close; to do something completely","visible movement","home / inn"
"N3","しゃべる","","to talk; to chat; to chatter","social / dialogue action","social encounter"
"N3","できる","（可能。出現。発生）","to be able to; to be ready; to occur","visible movement","school / library"
"N3","愛する","あいする","to love","state / thought / contextual verb","general dialogue / flexible setting"
"N3","握る","にぎる","to grasp; to seize; to mould sushi","visible movement","general dialogue / flexible setting"
"N3","扱う","あつかう","to handle; to deal with; to treat","visible movement","restaurant / kitchen"
"N3","囲む","かこむ","to surround; to encircle","state / thought / contextual verb","general dialogue / flexible setting"
"N3","為る","する","to change; to be of use; to reach to","object / interface action","general dialogue / flexible setting"
"N3","異なる","ことなる","to differ; to vary; to disagree","social / dialogue action","general dialogue / flexible setting"
"N3","移す","うつす","to remove; to transfer; to infect","visible movement","general dialogue / flexible setting"
"N3","育つ","そだつ","to raise (child); to be brought up; to grow (up)","state / thought / contextual verb","general dialogue / flexible setting"
"N3","引っ張る","ひっぱる","(1) to pull; to draw; to stretch; to drag; (2) to pull the ball (baseball)","visible movement","general dialogue / flexible setting"
"N3","隠す","かくす","to hide; to conceal","visible movement","general dialogue / flexible setting"
"N3","隠れる","かくれる","to hide; to be hidden; to conceal oneself; to disappear","visible movement","general dialogue / flexible setting"
"N3","越える","こえる","to exceed; to cross over; to cross","visible movement","station / street / travel"
"N3","越す","こす","to go over (e.g. with audience)","state / thought / contextual verb","general dialogue / flexible setting"
"N3","応じる","おうじる","to respond; to satisfy; to accept; to comply with; to apply for","state / thought / contextual verb","general dialogue / flexible setting"
"N3","横切る","よこぎる","to cross (e.g. arms); to traverse","visible movement","station / street / travel"
"N3","下さる","くださる","(hon) to give; to confer","social / dialogue action","general dialogue / flexible setting"
"N3","下す","おろす","to lower; to let go down","state / thought / contextual verb","general dialogue / flexible setting"
"N3","加える","くわえる","to append; to sum up; to add (up)","state / thought / contextual verb","general dialogue / flexible setting"
"N3","加わる","くわわる","to join in; to accede to; to increase; to gain in (influence)","state / thought / contextual verb","general dialogue / flexible setting"
"N3","稼ぐ","かせぐ","to earn income; to labor","state / thought / contextual verb","general dialogue / flexible setting"
"N3","過ごす","すごす","to pass; to spend; to go through; to tide over","state / thought / contextual verb","general dialogue / flexible setting"
"N3","解く","とく","to unfasten","state / thought / contextual verb","general dialogue / flexible setting"
"N3","解ける","とける","to come untied; to come apart","state / thought / contextual verb","general dialogue / flexible setting"
"N3","回す","まわす","to turn; to revolve","visible movement","general dialogue / flexible setting"
"N3","外す","はずす","to unfasten; to remove","visible movement","general dialogue / flexible setting"
"N3","確かめる","たしかめる","to ascertain","state / thought / contextual verb","general dialogue / flexible setting"
"N3","覚ます","さます","to awaken","visible movement","home / inn"
"N3","覚める","さめる","to wake; to wake up","visible movement","home / inn"
"N3","学ぶ","まなぶ","to study (in depth); to learn; to take lessons in","visible movement","school / library"
"N3","掛かる","かかる","to take (e.g. time; money; etc); to hang","visible movement","general dialogue / flexible setting"
"N3","割る","わる","to divide; to cut; to break; to halve","visible movement","restaurant / kitchen"
"N3","刈る","かる","to cut (hair); to mow (grass); to harvest","visible movement","restaurant / kitchen"
"N3","勧める","すすめる","to recommend; to advise; to encourage; to offer (wine)","social / dialogue action","general dialogue / flexible setting"
"N3","感じる","かんじる","to feel; to sense; to experience","state / thought / contextual verb","general dialogue / flexible setting"
"N3","換える","かえる","to exchange; to interchange; to substitute; to replace","visible movement","shop / market"
"N3","関する","かんする","to concern; to be related","state / thought / contextual verb","general dialogue / flexible setting"
"N3","含む","ふくむ","to hold in the mouth; to bear in mind","visible movement","general dialogue / flexible setting"
"N3","願う","ねがう","to desire; to wish; to request","social / dialogue action","general dialogue / flexible setting"
"N3","基づく","もとづく","to be grounded on; to be based on; to be due to; to originate from","state / thought / contextual verb","general dialogue / flexible setting"
"N3","気に入る","きにいる","to be pleased with; to suit","state / thought / contextual verb","general dialogue / flexible setting"
"N3","気付く","きづく","to notice; to recognize; to become aware of","state / thought / contextual verb","general dialogue / flexible setting"
"N3","起こる","おこる","to occur; to happen","state / thought / contextual verb","general dialogue / flexible setting"
"N3","輝く","かがやく","to shine; to glitter; to sparkle","state / thought / contextual verb","general dialogue / flexible setting"
"N3","疑う","うたがう","to doubt; to distrust; to be suspicious of; to suspect","state / thought / contextual verb","general dialogue / flexible setting"
"N3","詰める","つめる","to pack; to shorten; to work out (details)","object / interface action","office / workplace"
"N3","逆らう","さからう","to go against; to oppose; to disobey; to defy","state / thought / contextual verb","general dialogue / flexible setting"
"N3","及ぼす","およぼす","to exert; to cause; to exercise","object / interface action","general dialogue / flexible setting"
"N3","救う","すくう","to rescue from; to help out of","social / dialogue action","clinic / emergency"
"N3","求める","もとめる","to seek; to request; to demand; to want; to wish for; to search for; to pursue (pleasure); to hunt (a job)","social / dialogue action","general dialogue / flexible setting"
"N3","去る","さる","to leave; to go away","visible movement","general dialogue / flexible setting"
"N3","居る","おる","to be (animate); to be; to exist","state / thought / contextual verb","general dialogue / flexible setting"
"N3","許す","ゆるす","to permit; to allow; to approve","social / dialogue action","office / workplace"
"N3","叫ぶ","さけぶ","to shout; to cry","visible movement","general dialogue / flexible setting"
"N3","恐れる","おそれる","to fear; to be afraid of","state / thought / contextual verb","general dialogue / flexible setting"
"N3","狂う","くるう","to go mad; to get out of order","social / dialogue action","shop / market"
"N3","苦しむ","くるしむ","to suffer; to groan; to be worried","state / thought / contextual verb","general dialogue / flexible setting"
"N3","空く","すく","(1) to open; to become empty; (2) to be less crowded","visible movement","home / inn"
"N3","繰り返す","くりかえす","to repeat; to do something over again","visible movement","restaurant / kitchen"
"N3","経つ","たつ","to pass; to lapse","state / thought / contextual verb","general dialogue / flexible setting"
"N3","繋ぐ","つなぐ","to tie; to fasten; to connect; to transfer (phone call)","social / dialogue action","general dialogue / flexible setting"
"N3","計る","はかる","to measure; to weigh; to survey","object / interface action","general dialogue / flexible setting"
"N3","撃つ","うつ","to attack; to defeat; to destroy","visible movement","restaurant / kitchen"
"N3","欠ける","かける","to be lacking","state / thought / contextual verb","general dialogue / flexible setting"
"N3","結ぶ","むすぶ","to tie; to bind; to link","state / thought / contextual verb","general dialogue / flexible setting"
"N3","嫌う","きらう","to hate; to dislike; to loathe","state / thought / contextual verb","general dialogue / flexible setting"
"N3","見る","みる","to see; to watch","visible movement","general dialogue / flexible setting"
"N3","減らす","へらす","to abate; to decrease; to diminish; to shorten","state / thought / contextual verb","general dialogue / flexible setting"
"N3","減る","へる","to decrease (in size or number); to diminish; to abate","state / thought / contextual verb","general dialogue / flexible setting"
"N3","現す","あらわす","to show; to indicate; to display","social / dialogue action","general dialogue / flexible setting"
"N3","現れる","あらわれる","(1) to appear; to come in sight; to become visible; (2) to express oneself","object / interface action","general dialogue / flexible setting"
"N3","言う","ゆう","to say","social / dialogue action","general dialogue / flexible setting"
"N3","限る","かぎる","to restrict; to limit; to confine","state / thought / contextual verb","general dialogue / flexible setting"
"N3","雇う","やとう","to employ; to hire","state / thought / contextual verb","general dialogue / flexible setting"
"N3","語る","かたる","to talk; to tell; to recite","social / dialogue action","social encounter"
"N3","効く","きく","to be effective","state / thought / contextual verb","general dialogue / flexible setting"
"N3","向く","むく","to face","state / thought / contextual verb","general dialogue / flexible setting"
"N3","向ける","むける","to turn towards; to point","visible movement","general dialogue / flexible setting"
"N3","好む","このむ","to like; to prefer","state / thought / contextual verb","general dialogue / flexible setting"
"N3","広がる","ひろがる","to spread (out); to extend; to stretch; to reach to; to get around","visible movement","school / library"
"N3","構う","かまう","to mind; to care about; to be concerned about","state / thought / contextual verb","general dialogue / flexible setting"
"N3","降ろす","おろす","to take down; to launch; to drop","visible movement","general dialogue / flexible setting"
"N3","合わせる","あわせる","to join together; to be opposite; to face; to unite","visible movement","general dialogue / flexible setting"
"N3","済ませる","すませる","to be finished","state / thought / contextual verb","general dialogue / flexible setting"
"N3","殺す","ころす","to kill","state / thought / contextual verb","general dialogue / flexible setting"
"N3","残す","のこす","to leave (behind; over); to bequeath; to save; to reserve","visible movement","restaurant / kitchen"
"N3","伺う","うかがう","(hon) to visit; to ask; to inquire","visible movement","general dialogue / flexible setting"
"N3","指す","さす","to point; to put up umbrella; to play","visible movement","general dialogue / flexible setting"
"N3","支える","ささえる","to be blocked; to choke; to be obstructed","object / interface action","general dialogue / flexible setting"
"N3","支払う","しはらう","to pay","object / interface action","shop / market"
"N3","止す","よす","to cease; to abolish; to resign; to give up","social / dialogue action","general dialogue / flexible setting"
"N3","至る","いたる","to come; to arrive","state / thought / contextual verb","station / street / travel"
"N3","試す","ためす","to attempt; to test","state / thought / contextual verb","general dialogue / flexible setting"
"N3","飼う","かう","to keep; to raise; to feed","state / thought / contextual verb","general dialogue / flexible setting"
"N3","似合う","にあう","to suit; to match; to become; to be like","state / thought / contextual verb","general dialogue / flexible setting"
"N3","持ち上げる","もちあげる","to raise; to lift up; to flatter","visible movement","general dialogue / flexible setting"
"N3","示す","しめす","to denote; to show; to point out; to indicate","visible movement","general dialogue / flexible setting"
"N3","辞める","やめる","to retire","state / thought / contextual verb","general dialogue / flexible setting"
"N3","叱る","しかる","to scold","state / thought / contextual verb","general dialogue / flexible setting"
"N3","失う","うしなう","to lose; to part with","state / thought / contextual verb","general dialogue / flexible setting"
"N3","取り上げる","とりあげる","to take up; to pick up; to disqualify; to confiscate; to deprive","visible movement","general dialogue / flexible setting"
"N3","取れる","とれる","to come off; to be taken off; to be removed","visible movement","general dialogue / flexible setting"
"N3","守る","まもる","to protect; to obey; to guard; to abide (by the rules)","social / dialogue action","clinic / emergency"
"N3","受け取る","うけとる","to receive; to get; to accept; to take","visible movement","general dialogue / flexible setting"
"N3","収める","おさめる","to obtain; to reap; to pay; to supply; to accept","object / interface action","shop / market"
"N3","就く","つく","to settle in (place); to take (seat; position); to study (under teacher)","visible movement","restaurant / kitchen"
"N3","終える","おえる","to finish","state / thought / contextual verb","general dialogue / flexible setting"
"N3","従う","したがう","to abide (by the rules); to obey; to follow; to accompany","visible movement","street / park / outdoors"
"N3","祝う","いわう","to congratulate; to celebrate","social / dialogue action","general dialogue / flexible setting"
"N3","出会う","であう","to meet by chance; to come across; to happen to encounter","visible movement","station / street / travel"
"N3","述べる","のべる","to state; to express; to mention","object / interface action","general dialogue / flexible setting"
"N3","助ける","たすける","to help; to save; to rescue","social / dialogue action","clinic / emergency"
"N3","除く","のぞく","to remove; to exclude; to except","visible movement","general dialogue / flexible setting"
"N3","招く","まねく","to invite","social / dialogue action","social encounter"
"N3","昇る","のぼる","to arise; to ascend; to go up","state / thought / contextual verb","general dialogue / flexible setting"
"N3","省く","はぶく","to omit; to eliminate; to curtail; to economize","state / thought / contextual verb","general dialogue / flexible setting"
"N3","乗せる","のせる","to place on (something); to take on board; to give a ride","visible movement","station / street / travel"
"N3","譲る","ゆずる","to turn over; to assign; to hand over","visible movement","general dialogue / flexible setting"
"N3","触れる","ふれる","to touch; to be touched; to touch on a subject; to feel; to violate (law; copyright; etc.); to perceive; t","visible movement","office / workplace"
"N3","伸ばす","のばす","to lengthen; to stretch; to reach out; to grow (beard)","visible movement","general dialogue / flexible setting"
"N3","伸びる","のびる","to stretch; to extend; to make progress; to grow (beard; body height)","visible movement","general dialogue / flexible setting"
"N3","信じる","しんじる","to believe; to place trust in","visible movement","general dialogue / flexible setting"
"N3","振る","ふる","(1) to wave; to shake; to swing; (2) to sprinkle; (3) to cast (actor); to allocate (work)","visible movement","office / workplace"
"N3","申し込む","もうしこむ","to apply for; to make an application","state / thought / contextual verb","general dialogue / flexible setting"
"N3","進める","すすめる","to advance; to promote; to hasten","state / thought / contextual verb","general dialogue / flexible setting"
"N3","震える","ふるえる","to shiver; to shake; to quake","visible movement","general dialogue / flexible setting"
"N3","酔う","よう","to get drunk; to become intoxicated","visible movement","street / park / outdoors"
"N3","数える","かぞえる","to count","object / interface action","general dialogue / flexible setting"
"N3","成る","なる","to become","state / thought / contextual verb","general dialogue / flexible setting"
"N3","生じる","しょうじる","to produce; to yield; to result from; to arise; to be generated","state / thought / contextual verb","general dialogue / flexible setting"
"N3","精々","せいぜい","at the most; at best; to the utmost; as much (far) as possible","state / thought / contextual verb","general dialogue / flexible setting"
"N3","積もる","つもる","to pile up","state / thought / contextual verb","general dialogue / flexible setting"
"N3","責める","せめる","to condemn; to blame; to criticize","state / thought / contextual verb","general dialogue / flexible setting"
"N3","切れる","きれる","(1) to cut well; to be sharp; (2) to break (off)","visible movement","restaurant / kitchen"
"N3","先ず","まず","first (of all); to start with; about; almost; hardly (with neg. verb)","state / thought / contextual verb","general dialogue / flexible setting"
"N3","占める","しめる","(1) to comprise; to account for; to make up (of); (2) to hold; to occupy","visible movement","general dialogue / flexible setting"
"N3","戦う","たたかう","to fight; to battle; to combat","state / thought / contextual verb","general dialogue / flexible setting"
"N3","組む","くむ","to put together","visible movement","general dialogue / flexible setting"
"N3","訴える","うったえる","to sue (a person); to resort to; to appeal to","state / thought / contextual verb","general dialogue / flexible setting"
"N3","増す","ます","to increase; to grow","state / thought / contextual verb","general dialogue / flexible setting"
"N3","贈る","おくる","to send; to give to; to award to; to confer on","social / dialogue action","general dialogue / flexible setting"
"N3","打つ","ぶつ","to hit; to strike","visible movement","general dialogue / flexible setting"
"N3","対する","たいする","to face; to confront; to oppose","state / thought / contextual verb","general dialogue / flexible setting"
"N3","怠ける","なまける","to be idle; to neglect","state / thought / contextual verb","general dialogue / flexible setting"
"N3","替える","かえる","to exchange; to interchange; to substitute; to replace","visible movement","shop / market"
"N3","叩く","たたく","to strike; to clap; to dust; to beat","visible movement","restaurant / kitchen"
"N3","達する","たっする","to reach; to get to","state / thought / contextual verb","general dialogue / flexible setting"
"N3","奪う","うばう","to snatch away","state / thought / contextual verb","general dialogue / flexible setting"
"N3","断る","ことわる","to refuse; to decline; to dismiss","social / dialogue action","general dialogue / flexible setting"
"N3","注ぐ","そそぐ","to pour (into); to irrigate; to pay; to fill; to feed (e.g. a fire)","object / interface action","shop / market"
"N3","張る","はる","to stick; to paste","state / thought / contextual verb","general dialogue / flexible setting"
"N3","眺める","ながめる","to view; to gaze at","state / thought / contextual verb","general dialogue / flexible setting"
"N3","頂く","いただく","to receive; to take food or drink (hum)","visible movement","restaurant / kitchen"
"N3","沈む","しずむ","to sink; to feel depressed","object / interface action","general dialogue / flexible setting"
"N3","追い付く","おいつく","to overtake; to catch up (with)","visible movement","general dialogue / flexible setting"
"N3","追う","おう","to chase; to run after","visible movement","street / park / outdoors"
"N3","通じる","つうじる","to run to; to lead to; to communicate; to understand","visible movement","street / park / outdoors"
"N3","通す","とおす","to let pass; to overlook; to continue","visible movement","general dialogue / flexible setting"
"N3","通り過ぎる","とおりすぎる","to pass; to pass through","state / thought / contextual verb","general dialogue / flexible setting"
"N3","掴む","つかむ","to seize; to catch; to grasp","visible movement","general dialogue / flexible setting"
"N3","諦める","あきらめる","to give up; to abandon","social / dialogue action","general dialogue / flexible setting"
"N3","適する","てきする","to fit; to suit","state / thought / contextual verb","general dialogue / flexible setting"
"N3","溺れる","おぼれる","to be drowned; to indulge in","state / thought / contextual verb","general dialogue / flexible setting"
"N3","転ぶ","ころぶ","to fall down; to fall over","visible movement","general dialogue / flexible setting"
"N3","吐く","はく","(1) to breathe; (2) to tell (lies); (3) to vomit; to disgorge","visible movement","restaurant / kitchen"
"N3","倒す","たおす","to throw down; to beat; to bring down; to blow down","visible movement","restaurant / kitchen"
"N3","凍る","こおる","to freeze; to be frozen over; to congeal","state / thought / contextual verb","general dialogue / flexible setting"
"N3","当たる","あたる","to be hit; to be successful; to be equivalent to","visible movement","general dialogue / flexible setting"
"N3","当てる","あてる","to hit; to apply a patch","visible movement","general dialogue / flexible setting"
"N3","動かす","うごかす","to move; to shift","visible movement","general dialogue / flexible setting"
"N3","得る","える","to get; to gain; to win","state / thought / contextual verb","general dialogue / flexible setting"
"N3","届く","とどく","to reach","state / thought / contextual verb","general dialogue / flexible setting"
"N3","任せる","まかせる","to entrust to another; to leave to","visible movement","general dialogue / flexible setting"
"N3","認める","みとめる","to recognize; to appreciate; to approve; to admit; to notice","state / thought / contextual verb","office / workplace"
"N3","濡れる","ぬれる","to get wet","state / thought / contextual verb","general dialogue / flexible setting"
"N3","燃える","もえる","to burn","state / thought / contextual verb","general dialogue / flexible setting"
"N3","悩む","なやむ","to be worried; to be troubled","state / thought / contextual verb","general dialogue / flexible setting"
"N3","破る","やぶる","to tear; to violate; to defeat; to smash; to destroy","visible movement","restaurant / kitchen"
"N3","売れる","うれる","to be sold","state / thought / contextual verb","general dialogue / flexible setting"
"N3","罰する","ばっする","to punish; to penalize","state / thought / contextual verb","general dialogue / flexible setting"
"N3","抜く","ぬく","to extract; to omit; to surpass; to draw out; to unplug","state / thought / contextual verb","general dialogue / flexible setting"
"N3","抜ける","ぬける","to come out; to fall out; to be omitted","visible movement","general dialogue / flexible setting"
"N3","悲しむ","かなしむ","to be sad; to mourn for; to regret","state / thought / contextual verb","general dialogue / flexible setting"
"N3","被る","かぶる","to suffer","state / thought / contextual verb","general dialogue / flexible setting"
"N3","避ける","さける","(1) to avoid (physical contact ); (2) to ward off; to avert","social / dialogue action","office / workplace"
"N3","飛ばす","とばす","to skip over; to omit","state / thought / contextual verb","general dialogue / flexible setting"
"N3","飛び出す","とびだす","to jump out; to rush out; to fly out","visible movement","street / park / outdoors"
"N3","備える","そなえる","to furnish; to provide for; to equip; to install","state / thought / contextual verb","general dialogue / flexible setting"
"N3","微笑む","ほほえむ","to smile","visible movement","general dialogue / flexible setting"
"N3","表す","あらわす","to express; to show; to reveal","social / dialogue action","general dialogue / flexible setting"
"N3","描く","えがく","to draw; to paint; to sketch; to depict; to describe","state / thought / contextual verb","general dialogue / flexible setting"
"N3","付ける","つける","to attach; to join; to add; to append","object / interface action","general dialogue / flexible setting"
"N3","腐る","くさる","to rot; to go bad","state / thought / contextual verb","general dialogue / flexible setting"
"N3","覆う","おおう","to cover; to hide; to conceal; to wrap; to disguise","visible movement","general dialogue / flexible setting"
"N3","分ける","わける","to divide; to separate","state / thought / contextual verb","general dialogue / flexible setting"
"N3","閉じる","とじる","to close (e.g. book; eyes); to shut","visible movement","home / inn"
"N3","捕まる","つかまる","to be caught; to be arrested","state / thought / contextual verb","general dialogue / flexible setting"
"N3","暮らす","くらす","to live; to get along","state / thought / contextual verb","general dialogue / flexible setting"
"N3","抱える","かかえる","to hold or carry under or in the arms","visible movement","general dialogue / flexible setting"
"N3","抱く","いだく","(sl) to embrace; to hug; to harbour; to entertain","visible movement","general dialogue / flexible setting"
"N3","放す","はなす","to separate; to set free","state / thought / contextual verb","general dialogue / flexible setting"
"N3","褒める","ほめる","to praise; to admire; to speak well","social / dialogue action","social encounter"
"N3","飽きる","あきる","to get tired of; to lose interest in; to have enough","state / thought / contextual verb","general dialogue / flexible setting"
"N3","望む","のぞむ","to desire; to wish for; to see; to command (a view of)","social / dialogue action","general dialogue / flexible setting"
"N3","防ぐ","ふせぐ","to defend (against); to protect; to prevent","social / dialogue action","clinic / emergency"
"N3","吠える","ほえる","to bark; to bay; to howl; to bellow; to roar; to cry","visible movement","general dialogue / flexible setting"
"N3","満ちる","みちる","to be full; to rise (tide); to mature; to expire","state / thought / contextual verb","general dialogue / flexible setting"
"N3","命じる","めいじる","to order; to command; to appoint","visible movement","shop / market"
"N3","明ける","あける","to dawn; to become daylight","state / thought / contextual verb","general dialogue / flexible setting"
"N3","黙る","だまる","to be silent","state / thought / contextual verb","general dialogue / flexible setting"
"N3","戻す","もどす","to restore; to put back; to return","visible movement","school / library"
"N3","貰う","もらう","to receive","social / dialogue action","general dialogue / flexible setting"
"N3","優れる","すぐれる","to surpass; to outstrip; to excel","state / thought / contextual verb","general dialogue / flexible setting"
"N3","有る","ある","to be; to have","state / thought / contextual verb","general dialogue / flexible setting"
"N3","誘う","さそう","(1) to invite; to ask; (2) to tempt; to lure; to induce","social / dialogue action","social encounter"
"N3","与える","あたえる","to give; to present; to award","social / dialogue action","general dialogue / flexible setting"
"N3","預ける","あずける","to give into custody; to entrust; to deposit","visible movement","general dialogue / flexible setting"
"N3","用いる","もちいる","to use; to make use of","object / interface action","general dialogue / flexible setting"
"N3","浴びる","あびる","to bathe; to bask in the sun; to shower","visible movement","home / inn"
"N3","頼る","たよる","to rely on; to have recourse to; to depend on","state / thought / contextual verb","general dialogue / flexible setting"
"N3","履く","はく","to wear; to put on (lower body)","visible movement","general dialogue / flexible setting"
"N3","裏切る","うらぎる","to betray; to turn traitor to; to double-cross","visible movement","station / street / travel"
"N3","離す","はなす","to part; divide; separate","state / thought / contextual verb","general dialogue / flexible setting"
"N3","離れる","はなれる","to be separated from; to leave; to go away; to be a long way off","visible movement","general dialogue / flexible setting"
"N3","立ち上がる","たちあがる","to stand up","visible movement","general dialogue / flexible setting"
"N3","流す","ながす","to drain; to float; to shed (blood; tears); to cruise (e.g. taxi)","state / thought / contextual verb","general dialogue / flexible setting"
"N3","流れる","ながれる","to stream; to flow; to run (ink); to be washed away","visible movement","home / inn"
"N3","留める","とめる","to fasten; to turn off; to detain","visible movement","general dialogue / flexible setting"
"N3","劣る","おとる","to fall behind; to be inferior to","visible movement","general dialogue / flexible setting"
"N3","論じる","ろんじる","to argue; to discuss; to debate","social / dialogue action","general dialogue / flexible setting"
"N3","話し合う","はなしあう","to discuss; to talk together","social / dialogue action","social encounter"
"N3","罹る","かかる","to suffer from","state / thought / contextual verb","general dialogue / flexible setting"
"N3","轢く","ひく","to run somebody over (with vehicle); to knock someone down","visible movement","street / park / outdoors"
"N2","あきれる","","to be amazed; to be shocked","state / thought / contextual verb","general dialogue / flexible setting"
"N2","あげる (=やる)","","to do for","state / thought / contextual verb","general dialogue / flexible setting"
"N2","あてはまる","","to be applicable; to come under (a category); to fulfill","object / interface action","general dialogue / flexible setting"
"N2","あてはめる","","to apply; to adapt","state / thought / contextual verb","general dialogue / flexible setting"
"N2","あぶる","","to scorch","state / thought / contextual verb","general dialogue / flexible setting"
"N2","あふれる","","to flood; to overflow; to brim over","state / thought / contextual verb","general dialogue / flexible setting"
"N2","あわてる","","to become confused","object / interface action","general dialogue / flexible setting"
"N2","おどかす","","to threaten; to coerce","visible movement","restaurant / kitchen"
"N2","かじる","","to chew; to bite (at); to gnaw; to nibble","state / thought / contextual verb","general dialogue / flexible setting"
"N2","からかう","","to ridicule; to tease; to banter with; to make fun of","state / thought / contextual verb","general dialogue / flexible setting"
"N2","かわいがる","","to love; to be affectionate","state / thought / contextual verb","general dialogue / flexible setting"
"N2","くたびれる","","to get tired; to wear out","visible movement","general dialogue / flexible setting"
"N2","くっつく","","to adhere to; to keep close to","visible movement","home / inn"
"N2","くっつける","","to attach","object / interface action","general dialogue / flexible setting"
"N2","くるむ","","to be engulfed in; to be enveloped by; to wrap up","object / interface action","general dialogue / flexible setting"
"N2","こしらえる","","to make; to manufacture","state / thought / contextual verb","general dialogue / flexible setting"
"N2","こぼす","","to spill","state / thought / contextual verb","general dialogue / flexible setting"
"N2","こぼれる","","to overflow; to spill","state / thought / contextual verb","general dialogue / flexible setting"
"N2","こらえる","","to bear; to stand; to endure; to put up with","visible movement","general dialogue / flexible setting"
"N2","しびれる","","to become numb; to go to sleep (i.e.; a limb)","visible movement","home / inn"
"N2","しぼむ","","to wither; to fade (away); to shrivel; to wilt","state / thought / contextual verb","general dialogue / flexible setting"
"N2","しゃがむ","","to squat","state / thought / contextual verb","general dialogue / flexible setting"
"N2","しゃぶる","","to suck; to chew","state / thought / contextual verb","general dialogue / flexible setting"
"N2","ずらす","","to put off; to delay","visible movement","general dialogue / flexible setting"
"N2","すれちがう","","to pass by one another; to disagree","social / dialogue action","general dialogue / flexible setting"
"N2","だます","","to trick; to cheat; to deceive","visible movement","restaurant / kitchen"
"N2","ためらう","","to hesitate","visible movement","general dialogue / flexible setting"
"N2","ちぎる","","to cut up fine; to pick (fruit)","visible movement","restaurant / kitchen"
"N2","つまずく","","to stumble; to trip","state / thought / contextual verb","general dialogue / flexible setting"
"N2","どなる","","to shout; to yell","state / thought / contextual verb","general dialogue / flexible setting"
"N2","なぐる","","to strike; to hit","visible movement","general dialogue / flexible setting"
"N2","はめる","","(col) to get in; to insert; to put on; to make love","visible movement","general dialogue / flexible setting"
"N2","ふざける","","to romp; to gambol; to frolic; to joke","state / thought / contextual verb","general dialogue / flexible setting"
"N2","ぶつかる","","to strike; to collide with","state / thought / contextual verb","general dialogue / flexible setting"
"N2","ぶつける","","to knock; to run into; to nail on; to strike hard; to hit and attack","visible movement","street / park / outdoors"
"N2","ぶらさげる","","to hang; to suspend; to dangle; to swing","state / thought / contextual verb","general dialogue / flexible setting"
"N2","へる","","to decrease (in size or number); to diminish; to abate","state / thought / contextual verb","general dialogue / flexible setting"
"N2","ほどく","","to unfasten","state / thought / contextual verb","general dialogue / flexible setting"
"N2","またぐ","","to straddle","state / thought / contextual verb","general dialogue / flexible setting"
"N2","もたれる","","to lean against; to lean on; to recline on; to lie heavy (on the stomach)","state / thought / contextual verb","general dialogue / flexible setting"
"N2","やっつける","","to attack (an enemy); to beat; to do away with; to finish off","visible movement","restaurant / kitchen"
"N2","ゆでる","","to boil","state / thought / contextual verb","general dialogue / flexible setting"
"N2","よこす","","(1) to send; to forward; (2) to hand over (e.g. money)","object / interface action","general dialogue / flexible setting"
"N2","威張る","いばる","to be proud; to swagger","state / thought / contextual verb","general dialogue / flexible setting"
"N2","慰める","なぐさめる","to comfort; to console","state / thought / contextual verb","general dialogue / flexible setting"
"N2","為す","なす","to accomplish; to do","state / thought / contextual verb","general dialogue / flexible setting"
"N2","逸れる","それる","to stray (turn) from subject; to get lost; to go astray","visible movement","general dialogue / flexible setting"
"N2","因る","よる","to come from","state / thought / contextual verb","general dialogue / flexible setting"
"N2","引き止める","ひきとめる","to detain; to check; to restrain","object / interface action","station / street / travel"
"N2","引っ掛かる","ひっかかる","to be caught in; to be stuck in; to be cheated","visible movement","restaurant / kitchen"
"N2","引っ繰り返す","ひっくりかえす","to turn over; to overturn; to knock over; to upset; to turn inside out","visible movement","general dialogue / flexible setting"
"N2","引っ繰り返る","ひっくりかえる","to be overturned; to be upset; to topple over; to be reversed","visible movement","general dialogue / flexible setting"
"N2","引っ込む","ひっこむ","to draw back; to sink; to cave in","state / thought / contextual verb","general dialogue / flexible setting"
"N2","引受る","ひきうける","to undertake; to take up; to take over","visible movement","general dialogue / flexible setting"
"N2","引出す","ひきだす","to pull out; to take out; to draw out; to withdraw","visible movement","general dialogue / flexible setting"
"N2","引返す","ひきかえす","to repeat; to send back; to bring back","visible movement","restaurant / kitchen"
"N2","映す","うつす","to project; to reflect; to cast (shadow)","state / thought / contextual verb","general dialogue / flexible setting"
"N2","映る","うつる","to be reflected; to harmonize with; to come out (photo)","state / thought / contextual verb","general dialogue / flexible setting"
"N2","延ばす","のばす","to lengthen; to stretch; to reach out; to grow (beard)","visible movement","general dialogue / flexible setting"
"N2","延びる","のびる","to be prolonged","state / thought / contextual verb","general dialogue / flexible setting"
"N2","汚す","よごす","(1) to disgrace; to dishonour; (2) to pollute; to contaminate; to soil; to make dirty; to stain","state / thought / contextual verb","general dialogue / flexible setting"
"N2","凹む","へこむ","to be dented; to be indented; to yield to; to give; to sink; to collapse; to cave in; to be snubbed","social / dialogue action","general dialogue / flexible setting"
"N2","応ずる","おうずる","to answer; to respond; to meet; to satisfy; to accept","social / dialogue action","school / library"
"N2","押える","おさえる","to stop; to restrain; to seize; to repress; to suppress; to press down","visible movement","station / street / travel"
"N2","卸す","おろす","to sell wholesale; grated (vegetables)","object / interface action","shop / market"
"N2","下る","くだる","to get down; to descend","state / thought / contextual verb","general dialogue / flexible setting"
"N2","悔やむ","くやむ","to mourn","state / thought / contextual verb","general dialogue / flexible setting"
"N2","改める","あらためる","to change; to alter; to reform; to revise","state / thought / contextual verb","general dialogue / flexible setting"
"N2","外れる","はずれる","to be disconnected; to get out of place; to be off; to be out (e.g. of gear)","visible movement","general dialogue / flexible setting"
"N2","隔てる","へだてる","to be shut out","state / thought / contextual verb","general dialogue / flexible setting"
"N2","渇く","かわく","to be thirsty","state / thought / contextual verb","general dialogue / flexible setting"
"N2","乾かす","かわかす","to dry (clothes; etc.); to desiccate","state / thought / contextual verb","general dialogue / flexible setting"
"N2","巻く","まく","to wind; to coil; to roll","state / thought / contextual verb","general dialogue / flexible setting"
"N2","干す","ほす","to air; to dry; to desiccate; to drain (off); to drink up","visible movement","restaurant / kitchen"
"N2","感ずる","かんずる","to feel; to sense","state / thought / contextual verb","general dialogue / flexible setting"
"N2","甘やかす","あまやかす","to pamper; to spoil","state / thought / contextual verb","general dialogue / flexible setting"
"N2","含める","ふくめる","to include; to instruct; to make one understand","visible movement","general dialogue / flexible setting"
"N2","寄せる","よせる","to collect; to gather; to add; to put aside","visible movement","general dialogue / flexible setting"
"N2","帰す","かえす","to send back","object / interface action","general dialogue / flexible setting"
"N2","気を付ける","きをつける","to be careful; to pay attention; to take care","visible movement","shop / market"
"N2","飢える","うえる","to starve","state / thought / contextual verb","general dialogue / flexible setting"
"N2","詰まる","つまる","to be blocked; to be packed","object / interface action","general dialogue / flexible setting"
"N2","汲む","くむ","(1) to draw (water); to dip; to scoop; to pump","state / thought / contextual verb","general dialogue / flexible setting"
"N2","挙げる","あげる","to raise; to fly","state / thought / contextual verb","general dialogue / flexible setting"
"N2","挟まる","はさまる","to get between; to be caught in","state / thought / contextual verb","general dialogue / flexible setting"
"N2","挟む","はさむ","to interpose; to hold between; to insert","visible movement","general dialogue / flexible setting"
"N2","教わる","おそわる","to be taught","state / thought / contextual verb","general dialogue / flexible setting"
"N2","響く","ひびく","to resound","state / thought / contextual verb","general dialogue / flexible setting"
"N2","驚かす","おどろかす","to surprise; to frighten; to create a stir","visible movement","restaurant / kitchen"
"N2","曲げる","まげる","to bend; to crook; to lean","visible movement","general dialogue / flexible setting"
"N2","近寄る","ちかよる","to approach; to draw near","state / thought / contextual verb","general dialogue / flexible setting"
"N2","近付ける","ちかづける","to bring near; to put close; to let come near; to associate with","visible movement","home / inn"
"N2","区切る","くぎる","to punctuate; to cut off; to mark off; to stop; to put an end to","visible movement","restaurant / kitchen"
"N2","具える","そなえる","to be furnished with","state / thought / contextual verb","general dialogue / flexible setting"
"N2","掘る","ほる","to dig; to excavate","visible movement","street / park / outdoors"
"N2","係わる","かかわる","to concern oneself in; to have to do with; to affect; to influence; to stick to (opinions)","state / thought / contextual verb","general dialogue / flexible setting"
"N2","傾く","かたむく","to incline toward; to slant; to lurch","state / thought / contextual verb","general dialogue / flexible setting"
"N2","恵まれる","めぐまれる","to be blessed with; to be rich in","state / thought / contextual verb","general dialogue / flexible setting"
"N2","敬う","うやまう","to show respect; to honour","social / dialogue action","general dialogue / flexible setting"
"N2","繋がる","つながる","to be tied together; to be connected to; to be related to","object / interface action","general dialogue / flexible setting"
"N2","繋げる","つなげる","to connect","object / interface action","general dialogue / flexible setting"
"N2","兼ねる","かねる","to hold (position); to serve; to be unable","visible movement","restaurant / kitchen"
"N2","嫌がる","いやがる","to hate; to dislike","state / thought / contextual verb","general dialogue / flexible setting"
"N2","建つ","たつ","to erect; to be erected; to be built","state / thought / contextual verb","general dialogue / flexible setting"
"N2","見下ろす","みおろす","to overlook; to command a view of; to look down on something","visible movement","general dialogue / flexible setting"
"N2","見慣れる","みなれる","to become used to seeing; to be familiar with","object / interface action","general dialogue / flexible setting"
"N2","見送る","みおくる","(1) to see off; to farewell; (2) to escort; (3) to let pass","state / thought / contextual verb","general dialogue / flexible setting"
"N2","見直す","みなおす","to look again; to get a better opinion of","visible movement","general dialogue / flexible setting"
"N2","見付かる","みつかる","to be found; to be discovered","state / thought / contextual verb","general dialogue / flexible setting"
"N2","見付ける","みつける","to be familiar; to discover; to detect","state / thought / contextual verb","general dialogue / flexible setting"
"N2","見舞う","みまう","to ask after (health); to visit","visible movement","clinic / emergency"
"N2","言い出す","いいだす","to start talking; to speak; to tell; to propose; to suggest; to break the ice","visible movement","social encounter"
"N2","言い付ける","いいつける","to tell; to tell on (someone); to order","social / dialogue action","shop / market"
"N2","言付ける","ことづける","to send word; to send a message","object / interface action","general dialogue / flexible setting"
"N2","呼び掛ける","よびかける","to call out to; to accost; to address (crowd); to appeal","visible movement","home / inn"
"N2","呼び出す","よびだす","to summon; to call (e.g. phone)","social / dialogue action","general dialogue / flexible setting"
"N2","固まる","かたまる","to harden; to solidify; to become firm; to become certain","state / thought / contextual verb","general dialogue / flexible setting"
"N2","枯れる","かれる","to wither; to die (plant); to be blasted (plant)","visible movement","street / park / outdoors"
"N2","交ざる","まざる","to be mixed; to be blended with; to associate with; to mingle with; to join","state / thought / contextual verb","general dialogue / flexible setting"
"N2","交じる","まじる","to be mixed; to be blended with; to associate with","state / thought / contextual verb","general dialogue / flexible setting"
"N2","交ぜる","まぜる","to be mixed; to be blended with","state / thought / contextual verb","general dialogue / flexible setting"
"N2","向う","むかう","(v5u) to face; to go towards","state / thought / contextual verb","general dialogue / flexible setting"
"N2","広げる","ひろげる","to spread; to extend; to expand; to enlarge","visible movement","school / library"
"N2","広める","ひろめる","to broaden; to propagate","state / thought / contextual verb","general dialogue / flexible setting"
"N2","攻める","せめる","to attack; to assault","state / thought / contextual verb","general dialogue / flexible setting"
"N2","更ける","ふける","to get late; to advance; to wear on","visible movement","general dialogue / flexible setting"
"N2","絞る","しぼる","to press; to wring; to squeeze","object / interface action","general dialogue / flexible setting"
"N2","耕す","たがやす","to till; to plow; to cultivate","state / thought / contextual verb","general dialogue / flexible setting"
"N2","高める","たかめる","to raise; to lift; to boost","visible movement","general dialogue / flexible setting"
"N2","刻む","きざむ","to mince; to carve; to engrave","state / thought / contextual verb","general dialogue / flexible setting"
"N2","腰掛ける","こしかける","to sit (down)","visible movement","general dialogue / flexible setting"
"N2","恨む","うらむ","to curse; to feel bitter","state / thought / contextual verb","general dialogue / flexible setting"
"N2","混ざる","まざる","to be mixed; to be blended with; to associate with; to mingle with; to join","state / thought / contextual verb","general dialogue / flexible setting"
"N2","混じる","まじる","to be mixed; to be blended with; to associate with","state / thought / contextual verb","general dialogue / flexible setting"
"N2","混ぜる","まぜる","to mix; to stir","state / thought / contextual verb","general dialogue / flexible setting"
"N2","塞がる","ふさがる","to be plugged up; to be shut up","state / thought / contextual verb","general dialogue / flexible setting"
"N2","塞ぐ","ふさぐ","to stop up; to close up; to block (up)","visible movement","home / inn"
"N2","砕く","くだく","to break; to smash","visible movement","general dialogue / flexible setting"
"N2","砕ける","くだける","to break; to be broken","visible movement","general dialogue / flexible setting"
"N2","祭る","まつる","to deify; to enshrine","state / thought / contextual verb","general dialogue / flexible setting"
"N2","載せる","のせる","to place on (something); to take on board; to give a ride","visible movement","station / street / travel"
"N2","載る","のる","to appear (in print); to be recorded","object / interface action","office / workplace"
"N2","在る","ある","to live; to be","state / thought / contextual verb","general dialogue / flexible setting"
"N2","作る/造る","つくる","to make; to create","visible movement","restaurant / kitchen"
"N2","削る","けずる","to cut down little by little; to take a percentage","visible movement","restaurant / kitchen"
"N2","刷る","する","to print","object / interface action","office / workplace"
"N2","擦る","こする","to rub; to chafe; to file; to frost (glass); to strike (match)","state / thought / contextual verb","general dialogue / flexible setting"
"N2","錆びる","さびる","to rust; to become rusty","state / thought / contextual verb","general dialogue / flexible setting"
"N2","撒く","まく","to scatter; to sprinkle; to sow","state / thought / contextual verb","general dialogue / flexible setting"
"N2","散らかす","ちらかす","to scatter around; to leave untidy","visible movement","general dialogue / flexible setting"
"N2","散らかる","ちらかる","to be in disorder; to lie scattered around","social / dialogue action","shop / market"
"N2","散らす","ちらす","to scatter; to disperse; to distribute","state / thought / contextual verb","general dialogue / flexible setting"
"N2","散る","ちる","to fall; to scatter (e.g. blossoms)","visible movement","general dialogue / flexible setting"
"N2","斬る","きる","(v5r) to behead; to murder","state / thought / contextual verb","general dialogue / flexible setting"
"N2","仕上がる","しあがる","to be finished","state / thought / contextual verb","general dialogue / flexible setting"
"N2","刺さる","ささる","to stick; to be stuck","state / thought / contextual verb","general dialogue / flexible setting"
"N2","刺す","さす","to pierce; to stab; to prick; to thrust","state / thought / contextual verb","general dialogue / flexible setting"
"N2","始めに","はじめに","to begin with; first of all","state / thought / contextual verb","general dialogue / flexible setting"
"N2","思い込む","おもいこむ","to be under impression that; to be convinced that","object / interface action","general dialogue / flexible setting"
"N2","思い付く","おもいつく","to think of; to hit upon","visible movement","general dialogue / flexible setting"
"N2","次ぐ","つぐ","to rank next to; to come after","state / thought / contextual verb","general dialogue / flexible setting"
"N2","治す","なおす","to cure; to heal; to fix; to correct; to repair","object / interface action","clinic / emergency"
"N2","治める","おさめる","(1) to govern; to manage; (2) to subdue","state / thought / contextual verb","office / workplace"
"N2","蒔く","まく","to sow (seeds)","state / thought / contextual verb","general dialogue / flexible setting"
"N2","湿る","しめる","to be wet; to become wet; to be damp","state / thought / contextual verb","general dialogue / flexible setting"
"N2","実る","みのる","to bear fruit; to ripen","state / thought / contextual verb","general dialogue / flexible setting"
"N2","写る","うつる","to be photographed; to be projected","state / thought / contextual verb","general dialogue / flexible setting"
"N2","射す","さす","to shine; to strike","state / thought / contextual verb","general dialogue / flexible setting"
"N2","煮える","にえる","to boil; to cook; to be cooked","visible movement","restaurant / kitchen"
"N2","煮る","にる","to boil; to cook","visible movement","restaurant / kitchen"
"N2","酌む","くむ","to serve sake","state / thought / contextual verb","restaurant / kitchen"
"N2","取り出す","とりだす","to take out; to produce; to pick out","visible movement","general dialogue / flexible setting"
"N2","取り消す","とりけす","to cancel","object / interface action","general dialogue / flexible setting"
"N2","取り入れる","とりいれる","to harvest; to take in; to adopt","visible movement","general dialogue / flexible setting"
"N2","受け持つ","うけもつ","to take (be in) charge of","visible movement","general dialogue / flexible setting"
"N2","蹴る","ける","to kick","visible movement","general dialogue / flexible setting"
"N2","重なる","かさなる","to be piled up; lie on top of one another; overlap each other","state / thought / contextual verb","general dialogue / flexible setting"
"N2","重ねる","かさねる","to pile up; to put something on another; to heap up; to add; to repeat","visible movement","restaurant / kitchen"
"N2","縮む","ちぢむ","to shrink; to be contracted","state / thought / contextual verb","general dialogue / flexible setting"
"N2","縮める","ちぢめる","to shorten; to reduce; to boil down; to shrink","state / thought / contextual verb","general dialogue / flexible setting"
"N2","縮れる","ちぢれる","to be wavy; to be curled","state / thought / contextual verb","general dialogue / flexible setting"
"N2","出掛ける","でかける","to depart; to set out; to start; to be going out","state / thought / contextual verb","station / street / travel"
"N2","出迎える","でむかえる","to meet; to greet","social / dialogue action","social encounter"
"N2","出来上がる","できあがる","(1) to be finished; to be ready; by definition; (2) to be very drunk","visible movement","school / library"
"N2","巡る","めぐる","to go around","state / thought / contextual verb","general dialogue / flexible setting"
"N2","助かる","たすかる","to be saved; to be rescued; to survive; to be helpful","social / dialogue action","clinic / emergency"
"N2","承る","うけたまわる","(hum) to hear; to be told; to know","state / thought / contextual verb","general dialogue / flexible setting"
"N2","焦がす","こがす","to burn; to scorch; to singe; to char","visible movement","general dialogue / flexible setting"
"N2","焦げる","こげる","to burn; to be burned","state / thought / contextual verb","general dialogue / flexible setting"
"N2","照らす","てらす","to shine on; to illuminate","state / thought / contextual verb","general dialogue / flexible setting"
"N2","照る","てる","to shine","state / thought / contextual verb","general dialogue / flexible setting"
"N2","上る","のぼる","to ascend; to go up; to climb","visible movement","street / park / outdoors"
"N2","畳む","たたむ","to fold (clothes)","state / thought / contextual verb","general dialogue / flexible setting"
"N2","蒸す","むす","to steam; to poultice; to be sultry","state / thought / contextual verb","general dialogue / flexible setting"
"N2","拭く","ふく","to wipe; to dry","visible movement","general dialogue / flexible setting"
"N2","殖える","ふえる","to increase; to multiply","state / thought / contextual verb","general dialogue / flexible setting"
"N2","殖やす","ふやす","to increase; to add to; to augment","state / thought / contextual verb","general dialogue / flexible setting"
"N2","信ずる","しんずる","to believe; to believe in; to place trust in","visible movement","general dialogue / flexible setting"
"N2","心得る","こころえる","to be informed; to have thorough knowledge","state / thought / contextual verb","general dialogue / flexible setting"
"N2","振舞う","ふるまう","to behave; to conduct oneself; to entertain (vt)","visible movement","general dialogue / flexible setting"
"N2","浸ける","つける","to dip in; to soak","state / thought / contextual verb","general dialogue / flexible setting"
"N2","深まる","ふかまる","to deepen; to heighten; to intensify","state / thought / contextual verb","general dialogue / flexible setting"
"N2","真似る","まねる","to mimic; to imitate","state / thought / contextual verb","general dialogue / flexible setting"
"N2","診る","みる","to examine (medical)","state / thought / contextual verb","clinic / emergency"
"N2","炊く","たく","to boil; to cook","visible movement","restaurant / kitchen"
"N2","澄む","すむ","to clear (e.g. weather); to become transparent","visible movement","restaurant / kitchen"
"N2","整う","ととのう","to be prepared; to be in order; to be put in order; to be arranged","visible movement","shop / market"
"N2","生える","はえる","(1) to grow; to spring up; (2) to cut (teeth)","visible movement","restaurant / kitchen"
"N2","生ずる","しょうずる","to cause; to arise; to be generated","object / interface action","general dialogue / flexible setting"
"N2","生る","なる","to bear fruit","state / thought / contextual verb","general dialogue / flexible setting"
"N2","誓う","ちかう","to swear; to vow; to take an oath; to pledge","visible movement","general dialogue / flexible setting"
"N2","請う","こう","to ask; to request","social / dialogue action","general dialogue / flexible setting"
"N2","静まる","しずまる","to quieten down; to calm down; to subside","state / thought / contextual verb","general dialogue / flexible setting"
"N2","積む","つむ","to pile up; to stack","state / thought / contextual verb","general dialogue / flexible setting"
"N2","接する","せっする","to come in contact with; to connect; to attend; to receive","social / dialogue action","office / workplace"
"N2","占う","うらなう","to forecast; to predict","state / thought / contextual verb","general dialogue / flexible setting"
"N2","尖る","とがる","to taper to a point; to become sharp; to be sour; to look displeased","visible movement","general dialogue / flexible setting"
"N2","扇ぐ","あおぐ","to fan; to flap","state / thought / contextual verb","general dialogue / flexible setting"
"N2","潜る","もぐる","(1) to drive; to pass through; (2) to evade; to hide; (3) to dive (into or under water); to go undergroun","visible movement","station / street / travel"
"N2","煎る","いる","to parch; to fry","state / thought / contextual verb","general dialogue / flexible setting"
"N2","羨む","うらやむ","to envy","state / thought / contextual verb","general dialogue / flexible setting"
"N2","狙う","ねらう","to aim at","state / thought / contextual verb","general dialogue / flexible setting"
"N2","組み立てる","くみたてる","to assemble; to set up; to construct","state / thought / contextual verb","general dialogue / flexible setting"
"N2","蘇る","よみがえる","to be resurrected; to be revived; to be resuscitated; to be rehabilitated","state / thought / contextual verb","general dialogue / flexible setting"
"N2","遡る","さかのぼる","to go back; to go upstream; to make retroactive","state / thought / contextual verb","general dialogue / flexible setting"
"N2","捜す","さがす","to search; to seek; to look for","visible movement","general dialogue / flexible setting"
"N2","掃く","はく","to sweep; to brush; to gather up","state / thought / contextual verb","general dialogue / flexible setting"
"N2","挿す","さす","to insert; to put in; to graft; to wear in belt","visible movement","general dialogue / flexible setting"
"N2","掻く","かく","to scratch; to perspire","state / thought / contextual verb","general dialogue / flexible setting"
"N2","争う","あらそう","to dispute; to argue; to be at variance; to compete","visible movement","general dialogue / flexible setting"
"N2","遭う","あう","to meet; to encounter (undesirable nuance)","social / dialogue action","general dialogue / flexible setting"
"N2","増やす","ふやす","to increase; to add to; to augment","state / thought / contextual verb","general dialogue / flexible setting"
"N2","憎む","にくむ","to hate; to detest","state / thought / contextual verb","general dialogue / flexible setting"
"N2","測る","はかる","to measure; to weigh; to survey","object / interface action","general dialogue / flexible setting"
"N2","足る","たる","to be sufficient; to be enough","state / thought / contextual verb","general dialogue / flexible setting"
"N2","属する","ぞくする","to belong to; to come under; to be affiliated with; to be subject to","state / thought / contextual verb","general dialogue / flexible setting"
"N2","揃う","そろう","to become complete; to be equal; to be all present; to gather","state / thought / contextual verb","general dialogue / flexible setting"
"N2","揃える","そろえる","to put things in order; to arrange; to make uniform; to get something ready","visible movement","shop / market"
"N2","打ち消す","うちけす","to deny; to negate; to contradict","state / thought / contextual verb","general dialogue / flexible setting"
"N2","待ち合わせる","まちあわせる","to rendezvous; to meet at a prearranged place and time","visible movement","general dialogue / flexible setting"
"N2","怠る","おこたる","to neglect; to be off guard; to be feeling better","state / thought / contextual verb","general dialogue / flexible setting"
"N2","退く","どく","(1) to retreat; to recede; to withdraw","visible movement","restaurant / kitchen"
"N2","退ける","どける","to remove; to take away; to dislodge; to put something out of the way","visible movement","general dialogue / flexible setting"
"N2","代える","かえる","to exchange; to interchange; to substitute; to replace","visible movement","shop / market"
"N2","代る","かわる","(v5r; vi) to take the place of; to relieve; to be substituted for","visible movement","general dialogue / flexible setting"
"N2","濁る","にごる","to become muddy; to get impure","state / thought / contextual verb","general dialogue / flexible setting"
"N2","担ぐ","かつぐ","to shoulder; to carry on shoulder","visible movement","general dialogue / flexible setting"
"N2","探る","さぐる","to search; to look for; to sound out","visible movement","general dialogue / flexible setting"
"N2","暖まる","あたたまる","to warm up; to get warm","state / thought / contextual verb","general dialogue / flexible setting"
"N2","暖める","あたためる","to warm; to heat","visible movement","restaurant / kitchen"
"N2","蓄える","たくわえる","to store; to lay in stock","state / thought / contextual verb","general dialogue / flexible setting"
"N2","着ける","つける","(1) to attach; to join; to add; to append","object / interface action","general dialogue / flexible setting"
"N2","着せる","きせる","to put on clothes","visible movement","general dialogue / flexible setting"
"N2","注す","さす","to pour (drink); to serve (drinks)","visible movement","restaurant / kitchen"
"N2","著す","あらわす","to write; to publish","visible movement","school / library"
"N2","張り切る","はりきる","to be in high spirits; to be full of vigor","state / thought / contextual verb","general dialogue / flexible setting"
"N2","彫る","ほる","to carve; to engrave; to sculpture; to chisel","state / thought / contextual verb","general dialogue / flexible setting"
"N2","超える","こえる","to exceed; to cross over; to cross","visible movement","station / street / travel"
"N2","超す","こす","to cross; to pass; to tide over","visible movement","station / street / travel"
"N2","跳ねる","はねる","to jump; to leap","visible movement","street / park / outdoors"
"N2","跳ぶ","とぶ","to jump; to fly; to leap","visible movement","street / park / outdoors"
"N2","長引く","ながびく","to be prolonged; to drag on","state / thought / contextual verb","general dialogue / flexible setting"
"N2","追い越す","おいこす","to pass (e.g. car); to outdistance; to outstrip","state / thought / contextual verb","general dialogue / flexible setting"
"N2","追い掛ける","おいかける","to chase or run after someone; to run down; to pursue","visible movement","street / park / outdoors"
"N2","通り掛かる","とおりかかる","to happen to pass by","state / thought / contextual verb","general dialogue / flexible setting"
"N2","潰す","つぶす","to smash; to waste","state / thought / contextual verb","general dialogue / flexible setting"
"N2","潰れる","つぶれる","to be smashed; to go bankrupt","state / thought / contextual verb","general dialogue / flexible setting"
"N2","吊す","つるす","to hang","state / thought / contextual verb","general dialogue / flexible setting"
"N2","吊る","つる","to hang","state / thought / contextual verb","general dialogue / flexible setting"
"N2","釣り合う","つりあう","to balance; to be in harmony; to suit","state / thought / contextual verb","general dialogue / flexible setting"
"N2","剃る","そる","to shave","state / thought / contextual verb","general dialogue / flexible setting"
"N2","締め切る","しめきる","to shut up","state / thought / contextual verb","general dialogue / flexible setting"
"N2","纏まる","まとまる","to be collected; to be settled; to be in order","social / dialogue action","shop / market"
"N2","纏める","まとめる","to put in order; to collect; to bring to a conclusion","visible movement","shop / market"
"N2","転がす","ころがす","to roll","state / thought / contextual verb","general dialogue / flexible setting"
"N2","転がる","ころがる","to roll; to tumble","state / thought / contextual verb","general dialogue / flexible setting"
"N2","点く","つく","to catch fire; (electricity) comes on","visible movement","general dialogue / flexible setting"
"N2","点ける","つける","to turn on; to switch on; to light up","visible movement","general dialogue / flexible setting"
"N2","伝わる","つたわる","to be handed down; to be introduced; to be transmitted","social / dialogue action","social encounter"
"N2","努める","つとめる","(1) to serve; to fill a post; to serve under; to work (for)","object / interface action","restaurant / kitchen"
"N2","凍える","こごえる","to freeze; to be chilled; to be frozen","state / thought / contextual verb","general dialogue / flexible setting"
"N2","討つ","うつ","to attack; to avenge","state / thought / contextual verb","general dialogue / flexible setting"
"N2","逃がす","にがす","to let loose; to set free; to let escape","visible movement","clinic / emergency"
"N2","透き通る","すきとおる","to be(come) transparent","state / thought / contextual verb","general dialogue / flexible setting"
"N2","憧れる","あこがれる","to long for; to yearn after; to admire","state / thought / contextual verb","general dialogue / flexible setting"
"N2","突き当たる","つきあたる","to run into; to collide with","visible movement","street / park / outdoors"
"N2","突く","つく","(1) to thrust; to strike; (2) to poke","state / thought / contextual verb","general dialogue / flexible setting"
"N2","突っ込む","つっこむ","to plunge into; to go into deeply","state / thought / contextual verb","general dialogue / flexible setting"
"N2","馴れる","なれる","to become domesticated; to become tame","state / thought / contextual verb","general dialogue / flexible setting"
"N2","匂う","におう","to be fragrant; to smell; to stink","state / thought / contextual verb","general dialogue / flexible setting"
"N2","濡らす","ぬらす","to wet; to soak; to dip","state / thought / contextual verb","general dialogue / flexible setting"
"N2","熱する","ねっする","to heat","visible movement","restaurant / kitchen"
"N2","捻る","ひねる","to turn (a switch) on or off; to twist; to puzzle over","visible movement","general dialogue / flexible setting"
"N2","燃やす","もやす","to burn","state / thought / contextual verb","general dialogue / flexible setting"
"N2","納める","おさめる","to obtain; to reap; to pay; to supply; to accept","object / interface action","shop / market"
"N2","覗く","のぞく","to peep in; to look in; to peek in; to stick out","visible movement","general dialogue / flexible setting"
"N2","破れる","やぶれる","to get torn; to wear out","visible movement","general dialogue / flexible setting"
"N2","拝む","おがむ","to worship; to beg; to make a supplication","state / thought / contextual verb","general dialogue / flexible setting"
"N2","背負う","せおう","to be burdened with; to carry on back or shoulder","visible movement","general dialogue / flexible setting"
"N2","配る","くばる","to distribute; to deliver","object / interface action","general dialogue / flexible setting"
"N2","売り切れる","うりきれる","to be sold out","state / thought / contextual verb","general dialogue / flexible setting"
"N2","這う","はう","to creep; to crawl","state / thought / contextual verb","general dialogue / flexible setting"
"N2","剥く","むく","to peel; to skin; to pare; to hull","state / thought / contextual verb","general dialogue / flexible setting"
"N2","剥す","はがす","(v5s) to tear off; to peel off; to rip off","state / thought / contextual verb","general dialogue / flexible setting"
"N2","泊める","とめる","to give shelter to; to lodge","social / dialogue action","general dialogue / flexible setting"
"N2","薄める","うすめる","to dilute; to water down","state / thought / contextual verb","general dialogue / flexible setting"
"N2","迫る","せまる","to draw near; to press","object / interface action","general dialogue / flexible setting"
"N2","縛る","しばる","to tie; to bind","state / thought / contextual verb","general dialogue / flexible setting"
"N2","発つ","たつ","to depart (on a plane; train; etc.)","state / thought / contextual verb","station / street / travel"
"N2","反る","かえる","to warp; to be warped; to curve","state / thought / contextual verb","general dialogue / flexible setting"
"N2","被せる","かぶせる","to cover (with something)","state / thought / contextual verb","general dialogue / flexible setting"
"N2","飛び込む","とびこむ","to jump in; to leap in; to plunge into; to dive","visible movement","street / park / outdoors"
"N2","付合う","つきあう","to associate with; to keep company with; to get on with","state / thought / contextual verb","general dialogue / flexible setting"
"N2","敷く","しく","to spread out; to lay out","visible movement","school / library"
"N2","浮かべる","うかべる","to float; to express; to look (sad; glad)","visible movement","general dialogue / flexible setting"
"N2","浮く","うく","to float; to become merry; to become loose","state / thought / contextual verb","general dialogue / flexible setting"
"N2","浮ぶ","うかぶ","to float; to rise to surface; to come to mind","state / thought / contextual verb","general dialogue / flexible setting"
"N2","撫でる","なでる","to brush gently; to stroke","state / thought / contextual verb","general dialogue / flexible setting"
"N2","払い込む","はらいこむ","to deposit; to pay in","visible movement","shop / market"
"N2","払い戻す","はらいもどす","to repay; to pay back","object / interface action","shop / market"
"N2","物語る","ものがたる","to tell; to indicate","state / thought / contextual verb","general dialogue / flexible setting"
"N2","物凄い","ものすごい","earth-shattering; staggering; to a very great extent","visible movement","restaurant / kitchen"
"N2","分かれる","わかれる","to branch off; to diverge from; to fork; to split; to dispense; to scatter; to divide into","state / thought / contextual verb","general dialogue / flexible setting"
"N2","分る","わかる","to be understood","state / thought / contextual verb","general dialogue / flexible setting"
"N2","焚く","たく","to burn; to kindle; to build a fire","visible movement","general dialogue / flexible setting"
"N2","片寄る","かたよる","to be one-sided; to incline; to be partial","state / thought / contextual verb","general dialogue / flexible setting"
"N2","片付く","かたづく","to put in order; to dispose of; to solve","visible movement","shop / market"
"N2","編む","あむ","to knit","state / thought / contextual verb","general dialogue / flexible setting"
"N2","捕える","とらえる","to seize; to grasp; to capture; to arrest","visible movement","general dialogue / flexible setting"
"N2","捕る","とる","to take; to catch (fish); to capture","visible movement","general dialogue / flexible setting"
"N2","補う","おぎなう","to compensate for","state / thought / contextual verb","general dialogue / flexible setting"
"N2","倣う","ならう","to imitate; to follow; to emulate","visible movement","street / park / outdoors"
"N2","崩す","くずす","to destroy; to pull down; to make change (money)","visible movement","general dialogue / flexible setting"
"N2","崩れる","くずれる","to collapse; to crumble","state / thought / contextual verb","general dialogue / flexible setting"
"N2","放る","ほうる","to let go","state / thought / contextual verb","general dialogue / flexible setting"
"N2","放れる","はなれる","to leave; to get free; to cut oneself off","visible movement","restaurant / kitchen"
"N2","縫う","ぬう","to sew","state / thought / contextual verb","general dialogue / flexible setting"
"N2","飽くまで","あくまで","to the end; to the last; stubbornly","state / thought / contextual verb","general dialogue / flexible setting"
"N2","亡くす","なくす","to lose someone; wife; child; etc","state / thought / contextual verb","general dialogue / flexible setting"
"N2","妨げる","さまたげる","to disturb; to prevent","state / thought / contextual verb","general dialogue / flexible setting"
"N2","暴れる","あばれる","to act violently; to rage; to struggle; to be riotous","state / thought / contextual verb","general dialogue / flexible setting"
"N2","膨らます","ふくらます","to swell; to expand; to inflate; to bulge","state / thought / contextual verb","general dialogue / flexible setting"
"N2","膨らむ","ふくらむ","to expand; to swell (out); to get big; to become inflated","state / thought / contextual verb","general dialogue / flexible setting"
"N2","埋める","うめる","to bury; to fill up; to fill (a seat; a vacant position)","visible movement","restaurant / kitchen"
"N2","味わう","あじわう","to taste; to savor; to relish","state / thought / contextual verb","restaurant / kitchen"
"N2","務める","つとめる","(1) to serve; to fill a post; to serve under; to work (for)","object / interface action","restaurant / kitchen"
"N2","命ずる","めいずる","to command; to appoint","visible movement","general dialogue / flexible setting"
"N2","鳴らす","ならす","to ring; to sound; to chime; to beat; to snort (nose)","visible movement","restaurant / kitchen"
"N2","茂る","しげる","to grow thick; to luxuriate; to be luxurious","state / thought / contextual verb","general dialogue / flexible setting"
"N2","儲かる","もうかる","to be profitable; to yield a profit","state / thought / contextual verb","general dialogue / flexible setting"
"N2","儲ける","もうける","to get; to earn; to gain; to have (bear; beget) a child","state / thought / contextual verb","general dialogue / flexible setting"
"N2","目指す","めざす","to aim at; to have an eye on","state / thought / contextual verb","general dialogue / flexible setting"
"N2","目立つ","めだつ","to be conspicuous; to stand out","visible movement","general dialogue / flexible setting"
"N2","訳す","やくす","to translate","state / thought / contextual verb","general dialogue / flexible setting"
"N2","湧く","わく","to boil; to grow hot; to get excited; to gush forth","state / thought / contextual verb","general dialogue / flexible setting"
"N2","余る","あまる","to remain; to be left over; to be in excess; to be too many","state / thought / contextual verb","general dialogue / flexible setting"
"N2","預かる","あずかる","to keep in custody; to receive on deposit; to take charge of","visible movement","general dialogue / flexible setting"
"N2","揚げる","あげる","to lift; to fry","visible movement","general dialogue / flexible setting"
"N2","溶かす","とかす","to melt; to dissolve","state / thought / contextual verb","general dialogue / flexible setting"
"N2","溶く","とく","to dissolve (paint)","state / thought / contextual verb","general dialogue / flexible setting"
"N2","溶ける","とける","to melt; to thaw; to fuse; to dissolve","object / interface action","general dialogue / flexible setting"
"N2","溶け込む","とけこむ","to melt into","state / thought / contextual verb","general dialogue / flexible setting"
"N2","落着く","おちつく","to calm down; to settle down","state / thought / contextual verb","general dialogue / flexible setting"
"N2","裏返す","うらがえす","to turn inside out; to turn (something) over","visible movement","general dialogue / flexible setting"
"N2","立ち止まる","たちどまる","to stop; to halt; to stand still","visible movement","general dialogue / flexible setting"
"N2","略す","りゃくす","to abbreviate","state / thought / contextual verb","general dialogue / flexible setting"
"N2","流行る","はやる","to flourish; to thrive; to be popular; to come into fashion","state / thought / contextual verb","general dialogue / flexible setting"
"N2","溜まる","たまる","to collect; to gather; to save","object / interface action","general dialogue / flexible setting"
"N2","溜める","ためる","to amass; to accumulate","state / thought / contextual verb","general dialogue / flexible setting"
"N2","留まる","とどまる","(1) to be fixed; (2) to abide; to stay (in the one place)","visible movement","general dialogue / flexible setting"
"N2","涼む","すずむ","to cool oneself; to cool off; to enjoy evening cool","state / thought / contextual verb","general dialogue / flexible setting"
"N2","量る","はかる","to measure; to weigh; to survey","object / interface action","general dialogue / flexible setting"
"N2","例える","たとえる","to compare; to liken; to speak figuratively; to illustrate; to use a simile","social / dialogue action","social encounter"
"N2","冷ます","さます","to cool; to dampen; to let cool","state / thought / contextual verb","general dialogue / flexible setting"
"N2","冷める","さめる","to become cool; to wear off; to abate; to subside","visible movement","general dialogue / flexible setting"
"N2","冷やす","ひやす","to cool; to refrigerate","state / thought / contextual verb","general dialogue / flexible setting"
"N2","裂く","さく","to tear; to split","state / thought / contextual verb","general dialogue / flexible setting"
"N2","論ずる","ろんずる","to argue; to discuss; to debate","social / dialogue action","general dialogue / flexible setting"
"N2","話し掛ける","はなしかける","to accost a person; to talk (to someone)","social / dialogue action","social encounter"
"N2","詫びる","わびる","to apologize","social / dialogue action","social encounter"
"N2","嗅ぐ","かぐ","to sniff; to smell","state / thought / contextual verb","general dialogue / flexible setting"
"N2","囁く","ささやく","to whisper; to murmur","state / thought / contextual verb","general dialogue / flexible setting"
"N2","捩る","ねじる","to twist","state / thought / contextual verb","general dialogue / flexible setting"
"N2","揉む","もむ","to rub; to crumple (up); to wrinkle","state / thought / contextual verb","general dialogue / flexible setting"
"N2","睨む","にらむ","to glare at; to scowl at; to keep an eye on","state / thought / contextual verb","general dialogue / flexible setting"
